row_id,Y
0,5975.6778364324155
1,1354.1418512754126
2,525.1451436117298
3,1026.0397764074692
4,1702.971840869181
5,1719.7987340580783
6,2450.3148674240897
7,2923.0887250193086
8,338.36716051885236
9,3644.5042466524005
10,1670.0617356209161
11,1255.032244688426
12,426.5900854604955
13,513.7438552225788
14,2115.974226412237
15,4750.733649786622
16,3077.4744936162165
17,548.6834290424903
18,1276.7177217035187
19,149.19170463169453
20,1337.2147719406062
21,2416.325555993651
22,744.6129288675141
23,897.1493304040658
24,370.77062701785155
25,383.68217698309235
26,1325.9063185444331
27,650.4305981244602
28,3889.964859153383
29,2416.6484497160486
30,2019.5907669642606
31,3780.127123327669
32,2435.4321996972053
33,741.4905439996827
34,940.5632459348913
35,232.86081975636776
36,1949.8805039593074
37,109.77665388618693
38,2030.867447424189
39,1659.0975115381677
40,150.93833266216637
41,4192.374377037177
42,869.7898739206122
43,3789.6330823096796
44,371.3123789443511
45,1879.184209587521
46,897.1493304040658
47,1523.121403446065
48,1636.5164005643371
49,731.0728828133613
50,2820.92669758073
51,3879.402430328994
52,2033.6438207738597
53,3052.7728220505587
54,1916.6651623726618
55,3059.8172713767226
56,3811.2439787756794
57,5094.784120027917
58,1649.5623737682092
59,3443.4584547174723
60,632.4385452515016
61,1710.0812812585386
62,564.9356054805537
63,639.7770202752565
64,4217.255086837349
65,3051.3672864507785
66,2304.4928877031475
67,1543.9097380312444
68,1520.7238360117983
69,1792.2459823606814
70,1765.4934110235345
71,1401.0847646027964
72,238.49213941615736
73,2448.8272482505017
74,2022.3133793460713
75,2434.505386589099
76,3953.9868162963257
77,2793.5067174122437
78,1946.5005590430947
79,623.8221031075611
80,197.1575173666933
81,641.6092930206888
82,3373.6604562857656
83,2751.9098237644707
84,2706.785226549682
85,639.6747072385122
86,2973.289422015128
87,1691.6245978567674
88,3383.5425011656657
89,3100.315756804504
90,3922.0645742396387
91,3077.44691500113
92,3884.001979290631
93,2899.6899580315435
94,389.07435528969575
95,363.5933658723475
96,1968.7603654662967
97,3429.146091522513
98,3966.1672094269034
99,317.54188678720135
100,1928.4621747967171
101,2632.546071894574
102,561.0304414356661
103,2800.3669744927633
104,2017.4818303753952
105,360.12543511475775
106,1394.859407644195
107,1509.8706255346708
108,2780.6075448601596
109,1259.6149263071518
110,3109.492324937705
111,2009.1578811502293
112,2754.7475319889736
113,2595.27389707639
114,3244.7699736452287
115,2364.5805797250205
116,2010.0290526895608
117,3051.118696952177
118,3077.34016265802
119,3960.0868225215177
120,4154.4371820253355
121,1991.9669043343936
122,1325.4785815296912
123,2905.3566454307893
124,1379.6267523680774
125,4190.661097182198
126,1705.2935674126647
127,1998.9671066546575
128,2480.828224745453
129,1174.7483369884528
130,2768.7195829258826
131,2100.915905843598
132,3892.39551751876
133,3087.4665794878315
134,6017.150351622927
135,5037.842958740953
136,202.77938013474318
137,3905.649402995668
138,3836.5470586806573
139,110.4529964057705
140,3130.9612943881534
141,2827.903215995435
142,1322.5689665481452
143,1827.236801481448
144,2683.5435956431547
145,577.8886766463102
146,2128.37218816406
147,2578.3269162928436
148,3135.2798017063365
149,3540.7501837835653
150,533.163530717577
151,1216.9819818499093
152,3994.382581705399
153,2424.2399107018723
154,3073.512241679709
155,4134.625470574134
156,4055.012817096529
157,1527.5641521072487
158,2004.541388088586
159,567.1757195797907
160,2864.0524730471816
161,1665.4981809950295
162,246.55957213941613
163,2114.812143945133
164,2375.017064944117
165,396.5711004270574
166,626.149878349506
167,584.8639281330672
168,3097.402934936984
169,5769.50477179968
170,637.0118188977756
171,2823.561953225798
172,881.1001998449724
173,3185.8161359130204
174,631.4872004407712
175,2401.7882359380455
176,979.9747370715149
177,1257.1182403625237
178,739.4734243754866
179,527.0229662531897
180,737.9069600205535
181,2401.1995916944406
182,2018.9053445289558
183,2822.9555445967853
184,4835.933466701018
185,3872.731928122224
186,2756.6377739460604
187,1915.9209072049273
188,2403.3282831347324
189,3432.693174808688
190,2757.735404033819
191,3251.7856642052016
192,2444.840016112578
193,3106.6154442373786
194,1540.5898052685543
195,2449.6624056860155
196,896.450109086806
197,3502.939686626772
198,3109.8974087118427
199,2775.626273836058
200,2422.1984816380213
201,3161.3687734745263
202,2756.861421151359
203,2467.02253127587
204,560.0948543728292
205,4014.7620273643865
206,1223.4673096245238
207,3840.9349394164465
208,233.58884571148627
209,2469.282457855311
210,2693.917938519031
211,889.57091185679
212,1708.3994465722224
213,1489.4986811146946
214,2748.7529599878976
215,898.2199419561717
216,1710.9211732726083
217,3067.8195703632155
218,2445.43090365779
219,1252.796242049746
220,1529.2965780181005
221,574.4784819712647
222,2391.6512512391637
223,2750.185621893283
224,1335.506932658844
225,1396.667409647257
226,3400.450846520643
227,2969.44996777458
228,2465.453352612188
229,3124.7832861684874
230,1918.7789646555766
231,2097.7288739006704
232,1765.455858129943
233,3154.0413168234973
234,582.1994568695686
235,2621.1392400880122
236,2597.0273253518144
237,3348.2099490111796
238,588.4095167781456
239,621.226068617703
240,925.117124136598
241,361.7985709206054
242,2376.7624990187237
243,2013.1709816449859
244,3458.66098668382
245,1359.21866967046
246,590.5566314502782
247,2476.684036225198
248,3851.6629212733346
249,627.6386290969256
250,2108.4796101166976
251,2561.384416532447
252,3254.1548568690764
253,3125.838788424434
254,2792.5922039295383
255,898.2199419561717
256,1447.962974860532
257,1174.7483369884528
258,1778.0529728681495
259,3058.594798658383
260,2704.9281005607177
261,5944.577773327389
262,310.1019994205495
263,2403.9106157408037
264,591.469190177427
265,2556.337158416616
266,110.23263151328582
267,2501.4832364863
268,407.7768606576415
269,4159.148881864584
270,1340.9717008264251
271,3105.5884241750996
272,3132.9352465227803
273,894.5140401587244
274,2128.0183440273017
275,2024.1797250385189
276,4005.2294808218217
277,629.6738547459506
278,2794.9263500828333
279,3377.3725833810086
280,3981.9009951172916
281,966.0437389719599
282,1536.3941262776398
283,2009.9622477669736
284,3740.4217392694577
285,2373.6594847397655
286,3115.9245495652194
287,3790.8481372216497
288,1695.85708848826
289,2441.6529014759594
290,2022.4727943232767
291,1174.7483369884528
292,1999.639696415294
293,4394.885799095332
294,1034.147252813819
295,2287.1370864147493
296,238.4149287696731
297,2409.4586079986157
298,1264.8029928626913
299,1783.3150411428273
300,1902.3090354126364
301,2097.5223262488803
302,1740.6180433214404
303,731.0728828133613
304,3094.433395443879
305,1346.7153457120771
306,1993.1174566932673
307,2493.3279679864713
308,716.5593800670689
309,4676.269167120052
310,1687.9720816221784
311,1174.7483369884528
312,2737.867771687922
313,1249.2126252804653
314,2003.0621041525005
315,593.3334394571278
316,2882.7554459645357
317,2784.886906774595
318,739.8373492193132
319,3363.6723221366533
320,1932.5318653234053
321,734.488401858668
322,1982.382417355881
323,3203.9425411098114
324,742.9936515176846
325,2752.631840157745
326,1691.0215295310777
327,362.6470831137574
328,1706.04419059607
329,1526.0944665626807
330,1191.7738768258214
331,3904.897461217295
332,626.149878349506
333,1731.264589485481
334,6104.009328752342
335,2751.1124375524696
336,1700.8068958966896
337,4817.704653060286
338,3045.886578797254
339,1713.1093419811673
340,3177.4053248056175
341,704.0852278111405
342,2918.4067284740026
343,1354.3999467711276
344,547.5632686335512
345,617.0757545306619
346,633.6835447594398
347,2886.315801878537
348,621.1369969469247
349,4055.2055251623206
350,4200.697676023847
351,3808.874210561653
352,1669.4463959652505
353,4064.049235003797
354,350.73606124054584
355,3087.8986266147103
356,232.42220613611795
357,1477.3285116020086
358,2414.379898827241
359,2767.52989839639
360,250.53124967255317
361,2696.8684605636436
362,537.2673094233545
363,1719.8151278805094
364,3861.279930427804
365,1783.7577540714146
366,3819.479906066468
367,366.7048742230655
368,114.33058265368852
369,2636.6128332099624
370,2399.616208133542
371,3492.4103376218063
372,2462.621376721431
373,2045.934040667613
374,2851.4841405295383
375,4776.76204095864
376,2026.9182024378897
377,1558.4896812785614
378,1531.6735686612647
379,1767.572475707057
380,3089.171166984534
381,1517.2631781020057
382,2341.731055803722
383,3824.5228845987017
384,2735.661688338938
385,2454.592432959304
386,585.261539700651
387,583.0757602244761
388,743.9328920899037
389,1498.347591452494
390,3615.596734152025
391,2769.9830751529807
392,2676.111898616347
393,2772.4291828945134
394,608.4174016795891
395,2423.0807171461825
396,3141.5068518962453
397,3816.6308498723424
398,6020.890969720289
399,4711.250577365601
400,115.4129845424072
401,1609.563463602248
402,3092.9483194371987
403,2396.660455509514
404,3182.081216395607
405,1954.463460589178
406,3758.9994401771237
407,637.8338588464809
408,3104.588031719141
409,3096.9254702524213
410,6020.628825608946
411,4305.262316436009
412,1880.7780127983765
413,1034.8174654758773
414,2020.0651466636264
415,174.49313387181735
416,1049.5833871156124
417,1737.3832559311384
418,237.47518855959447
419,3066.4549889024825
420,3833.4507296307565
421,1935.583010272898
422,1779.2949102820205
423,3083.5079179640297
424,616.4573359399985
425,366.8416738525964
426,1054.6866594312146
427,2882.272025870044
428,2698.792765934602
429,3099.611843577347
430,3119.484171134701
431,1682.9217658992973
432,1890.4429053352253
433,2427.8838245470406
434,2379.8703566205068
435,2419.410836675035
436,2456.506541675105
437,576.6468732802305
438,587.7637031403367
439,1415.7465240333138
440,897.1493304040658
441,1702.3709304650195
442,988.3642316583753
443,2540.714484936269
444,3633.3549887128
445,1530.0134409768677
446,2456.491063059495
447,1926.6765647216548
448,1494.3499568462537
449,2500.4768061467034
450,1718.2772822201518
451,5765.494579575177
452,1884.2703863385907
453,1951.6801087080926
454,3827.023898697317
455,1528.3784959574364
456,2774.2414881654736
457,2569.6864210696885
458,1345.431301933458
459,3123.26928212123
460,2448.631622150063
461,280.26448840664216
462,2891.350512169616
463,2885.6802141612925
464,1986.6237503958234
465,2439.312041503764
466,1556.9429247821106
467,1904.4263769600918
468,2010.824219806065
469,524.3973063066256
470,3047.884062110074
471,4044.316133298965
472,3876.734352103675
473,625.0091111117852
474,1037.6437662042908
475,1884.625036395196
476,1985.0257877911852
477,2781.505403599107
478,630.3001924365471
479,1942.5186591925992
480,1875.6815759078168
481,2510.835291983454
482,3706.8127579327256
483,540.0774708309074
484,6143.469186089354
485,1914.1638794010755
486,2772.5317938365833
487,1372.8885000350124
488,3827.6559824907704
489,366.3726857869133
490,3287.0117863709534
491,1271.1208596859344
492,359.20386109825034
493,4086.5253431371393
494,3058.131941190078
495,1186.6136575434102
496,2026.564097014559
497,740.3618740996782
498,874.4758618905579
499,745.4692836615557
500,1572.3121962369808
501,2022.2590119542479
502,620.6747769047644
503,871.8405716452162
504,366.64567962030964
505,5067.599944033957
506,4090.829139015351
507,596.0185456177644
508,1323.7324188252055
509,2442.471427962935
510,2790.2002484180116
511,3883.945527988607
512,2018.2437500742421
513,3088.767714529237
514,2499.473148567514
515,1709.9114045862218
516,3100.257805173899
517,365.11190255137404
518,3825.2711248047713
519,2022.658179494772
520,2879.9980992966407
521,1481.1543113065177
522,1003.547802541744
523,3073.4234294566427
524,1372.3451582576977
525,3102.7360615094403
526,6102.079659060783
527,895.9264403716983
528,216.91663999692037
529,1330.289710959225
530,1262.952616820241
531,731.352140933663
532,3889.824420579883
533,1993.1818055439223
534,1789.4341835259281
535,2910.2139695441924
536,199.46743962419623
537,5108.308600663528
538,1641.6781451984284
539,3981.611272318025
540,3935.154306225435
541,5966.2231844606795
542,2006.3814367193684
543,3107.059075749464
544,1493.9861406946836
545,1879.6009904868934
546,2763.242434827659
547,599.812211778177
548,897.1493304040658
549,1682.5530560076245
550,731.0728828133613
551,2565.1572094748394
552,2010.220202615917
553,2802.6086520790736
554,2779.9011548385456
555,646.774205164173
556,249.91542830230551
557,1392.9892053920023
558,741.0346702940201
559,2033.4214206212257
560,3109.20878213438
561,2905.779391266447
562,3322.50799891485
563,3141.92229488993
564,2607.733915334502
565,354.5924724773796
566,874.4758618905579
567,2426.1724452829944
568,4142.196218486244
569,3904.7447817056036
570,1979.2803575411924
571,1358.8372290076
572,1952.780069759095
573,424.81583440590407
574,1668.6889850042335
575,4846.824576161085
576,373.2337906025424
577,1519.2972639316079
578,1516.5034390404928
579,137.7146369527179
580,2500.482676584654
581,263.7882779322921
582,979.2006332429078
583,2421.8399017850766
584,388.07946887281497
585,1689.1687720009866
586,1516.9209723234967
587,118.57400811231376
588,901.7214169013959
589,1990.6156237160076
590,2430.1434816877245
591,258.1615706816497
592,382.44515673304693
593,1939.2949583743484
594,2545.2695944697853
595,1475.8371116126762
596,2016.9693234145552
597,1499.829668138624
598,1408.4165077345885
599,3497.8271024919186
600,591.9971683547805
601,1711.151047956344
602,2415.3755505333675
603,1714.9855200507898
604,1463.5895895125823
605,1174.7483369884528
606,5120.118724489515
607,3123.0557270044387
608,1946.9695656462773
609,2382.668263301983
610,642.0459980592238
611,186.29007184820784
612,3876.636951421076
613,1946.5024670158386
614,630.2920627076878
615,3086.8275240063235
616,2483.950259215508
617,1398.504875289365
618,3064.702657995355
619,3093.31506829489
620,1949.6312045091045
621,2011.302226251833
622,271.760212506237
623,2016.2906422984934
624,2778.6186956187685
625,1239.7080588436158
626,3162.4218873492
627,361.4385890600988
628,3434.456076396919
629,2422.7952777855658
630,212.19356085243828
631,215.91468160410182
632,6306.912884942068
633,2026.1123262959036
634,891.0114492732034
635,1644.6110531989589
636,365.71574854554495
637,3069.531988566649
638,1393.2901618365463
639,2391.316744117891
640,5745.655737641144
641,352.2777037236756
642,740.9625658223293
643,2418.713617165013
644,122.46785821660959
645,2589.932115471964
646,539.1160095129034
647,525.9562666867963
648,1392.0126366233512
649,1943.2617775405063
650,1036.2143055468487
651,1684.4547897420155
652,1935.190798219702
653,1886.1225498185365
654,3871.564396457278
655,3375.7018754154333
656,568.7346862044079
657,375.45652977220834
658,123.62142527219758
659,3914.8928514434533
660,3454.2279044253237
661,2598.9265182436916
662,636.3850872595145
663,627.0688861006361
664,3061.461226550971
665,2663.4581109908245
666,3064.521048245363
667,1593.7759444011301
668,1922.8867461855693
669,2017.122033464469
670,719.9492022604448
671,375.67262985078855
672,3166.2645654751404
673,4264.56247623775
674,308.54291340019597
675,2001.1184385691054
676,1726.3337731667436
677,2445.4971004601953
678,249.34188027209416
679,5128.96603099271
680,4204.351158501099
681,2412.833599731844
682,3767.7627416667874
683,4104.0433666349045
684,192.1348194898617
685,377.1104717271817
686,1497.1266479513313
687,3237.641097947335
688,4836.605151364477
689,1335.456599434459
690,1392.1366574484116
691,1686.0868134543143
692,2515.884122352798
693,2005.3152020441057
694,1755.4267674940713
695,1359.2351882280439
696,6034.633439470519
697,3471.223892214773
698,771.6590993417899
699,499.89867606147766
700,1793.6378427756163
701,1538.3147944952725
702,746.6612724113461
703,1688.803815099804
704,568.5668124721598
705,2602.5656294927344
706,1917.9729038965688
707,3095.4477117550146
708,2689.4046017123014
709,4204.490230660575
710,1221.6210785298906
711,2394.911192368
712,2409.5121642683744
713,1570.3424270864514
714,2879.6836917108103
715,368.3925421251385
716,596.0185456177644
717,2815.8138634561183
718,2026.946621510492
719,2400.3983884321615
720,1325.7344146404016
721,2017.9800118692037
722,3967.4212934325333
723,4083.436297843402
724,1975.241793344271
725,4803.9153312540975
726,3323.5704360872573
727,1985.3076813468754
728,353.91750685090307
729,3095.3075028235635
730,2862.4899953806043
731,2413.482057768067
732,2535.5602438514056
733,1312.6144660939572
734,972.2498535849985
735,646.2802840374189
736,1921.5925928918605
737,2488.933897661542
738,2826.5627696815095
739,1998.1368021921114
740,1325.8039273559125
741,1695.3508787319747
742,3543.8545575009784
743,607.4557407050812
744,1991.501648862749
745,3093.5270698934305
746,1991.4316764881848
747,258.9090272884808
748,2761.2083026250907
749,2779.8012934774843
750,3804.8721178204582
751,1671.0905531491035
752,2444.4783007935634
753,4364.074806027114
754,575.8670691961686
755,1364.2071270340825
756,1692.148287743693
757,2601.7141417276835
758,1524.9581166981466
759,1893.3808241813329
760,1898.1033242305884
761,5728.363781103292
762,1719.966173827246
763,5750.742244794924
764,3125.569650910535
765,4065.807319155155
766,2680.0389388633484
767,1684.3357007006312
768,2772.032201203602
769,5768.2904830020425
770,3117.5730085653477
771,3456.7794382459892
772,2087.7773185393107
773,1571.6346912062459
774,310.77790093692045
775,4635.173255008728
776,584.0114426450089
777,3048.4825430615547
778,2298.9251836822195
779,109.77665388618693
780,3759.8290870433752
781,638.2484685059467
782,3794.1325811716815
783,3059.156501861088
784,1355.528466965471
785,867.8485433963044
786,356.9720445647067
787,3979.266700581443
788,2110.4272653569583
789,2771.9854255575015
790,1563.251750940575
791,3473.0224142274956
792,2722.775018251524
793,1683.9022230380572
794,2469.10714948685
795,1360.753433742307
796,4836.163378461437
797,1683.7358887937905
798,210.91901555945424
799,3856.0202105298736
800,1493.1275603566908
801,1345.272157024408
802,895.2943217164012
803,2415.5712263085366
804,1435.546582903014
805,378.4920734144369
806,3893.0228967497287
807,3088.42783994627
808,960.8098466661642
809,3993.1074564854603
810,3614.099184722125
811,206.66052102836238
812,3077.383811662818
813,2412.7890479864313
814,644.4813286943494
815,2670.9707608732647
816,2771.119897984512
817,2395.2871977467157
818,3840.4784754254674
819,3138.978105317254
820,1992.8480622937163
821,5635.631972384048
822,2771.598039714142
823,2714.180224953499
824,1349.87981729947
825,1324.0984334079708
826,2410.3069367397266
827,3609.2842287864983
828,590.991236675056
829,6113.880410064833
830,1348.5123416505708
831,266.18588253409865
832,1839.4171405311001
833,308.6509457012331
834,742.4411708671048
835,2413.519982888553
836,148.79433821075312
837,3861.9848027541602
838,3165.1659235895486
839,2084.8542373771625
840,3789.148528542564
841,1236.2751018187926
842,3248.2375241578948
843,1533.3084504188125
844,3050.8702641172817
845,3557.5820265098487
846,4817.17985248601
847,2456.1292417483915
848,2861.5976509509333
849,251.58428443646443
850,2030.8807375962829
851,1364.71647778218
852,2015.134226215673
853,2017.8696817077164
854,3131.7276534407997
855,111.50931499092681
856,4036.026401522154
857,1727.39887079683
858,2866.035844162855
859,5738.731455709831
860,2837.002839579589
861,2724.386685221717
862,142.811609766737
863,2603.627728550869
864,3484.8822412280774
865,578.6126175289411
866,1513.4929849175073
867,634.4058040335198
868,3494.7190180613175
869,111.34673844067872
870,1716.4938418746385
871,109.77665388618693
872,2387.523828778011
873,1981.9958347920424
874,725.5552821924413
875,369.1569796221449
876,3100.511061449731
877,2471.5640403997754
878,3521.10375001896
879,3147.8400631961963
880,2095.5627701986027
881,1609.4794915192763
882,232.5003845999153
883,202.9629640175858
884,3865.654867602367
885,1763.6803486738759
886,6017.5006906631315
887,2758.8340328394647
888,580.0531544334432
889,1532.9514433897896
890,2440.014625026607
891,730.8542379443929
892,590.282182173203
893,4373.314376555215
894,1351.5969339631013
895,1250.155828540301
896,3066.292562933568
897,2126.974159978892
898,3807.388415573233
899,3111.5080049254007
900,2888.196476127103
901,3935.9864529489582
902,3071.8163526976055
903,348.9816415988494
904,2560.1379526909027
905,3476.660339231604
906,5053.993361162949
907,3120.9295987458822
908,4036.9429686333706
909,581.2484045347808
910,3871.4553089718684
911,1360.2449015620134
912,3998.482439418409
913,1719.9047842222597
914,2019.1791680022138
915,2697.0858073764666
916,1932.8467636150035
917,1365.6426169292636
918,2816.443786368009
919,3888.696942859608
920,740.9625658223293
921,521.8938979182435
922,605.9308874816152
923,3457.6782996214893
924,1468.1490018604165
925,3342.539748706638
926,222.71725957562882
927,2485.049896075928
928,2056.049485464385
929,2120.421971864461
930,999.357283683883
931,3111.384430620858
932,3878.8167482725144
933,1174.7483369884528
934,4200.016194700082
935,402.1281207381769
936,5734.601941405501
937,2760.341183849547
938,2593.434261394589
939,1134.6656069861187
940,1912.7484334015617
941,3859.3665254714683
942,596.0199226271162
943,1715.8676935597912
944,3076.91415156612
945,5044.304185145613
946,3800.442939409711
947,112.38913017886004
948,231.6095341746721
949,1337.778359107013
950,109.77665388618693
951,741.4905439996827
952,304.1035896119561
953,111.34673844067872
954,2460.864905016915
955,511.8839428448036
956,1582.0880678820395
957,2767.791599186932
958,587.4023646640362
959,652.2290728796879
960,2593.8666855511433
961,2455.2612938005936
962,2594.7184210649934
963,738.5772754016239
964,1522.5174010922053
965,1913.8461594039748
966,229.70183871749197
967,1917.6159005168283
968,1340.1423476813045
969,874.4758618905579
970,1194.4774472994854
971,639.5117565793619
972,3067.555471333198
973,3078.0725906667903
974,4064.5665989772738
975,1205.3846782899527
976,409.6652998548032
977,2534.112427822329
978,972.9823241790496
979,109.77665388618693
980,5055.060542701739
981,2664.244218208658
982,4129.862592550489
983,262.44301685698474
984,1181.6764365401857
985,2608.364525071797
986,109.77665388618693
987,3507.124673539946
988,1782.5908212973618
989,896.5563029952874
990,2439.5575602689737
991,1963.9656184072985
992,1367.7204389059118
993,3913.3244016137223
994,5757.01461206338
995,3057.0482540578537
996,290.00352583253107
997,380.2311341459918
998,2541.7327584784102
999,2462.938957440139
1000,1670.8813869811956
1001,3497.9939208082264
1002,4550.321876496769
1003,247.13257307439085
1004,2397.353480811323
1005,597.3048879211921
1006,4255.324238447812
1007,1348.214521814597
1008,3921.042564595634
1009,2041.9767207933703
1010,2413.2811696164904
1011,2740.6393960330283
1012,1888.9882036855365
1013,2786.351958461036
1014,3941.621408053871
1015,2050.022161658702
1016,6018.068261984034
1017,2444.8380464001866
1018,577.1880918237684
1019,2034.8581834672855
1020,2614.008799529968
1021,2412.1743453971735
1022,1937.086695266765
1023,3075.0702996464925
1024,2870.187916974994
1025,3823.2333596657754
1026,4163.879825489245
1027,1510.9596222412308
1028,1688.166819424594
1029,741.408976886921
1030,338.66868259839845
1031,639.0208668507048
1032,231.43231356393494
1033,2038.7724374436025
1034,1787.6786570137078
1035,3113.9442138181485
1036,3866.4262884103914
1037,1402.3330059632883
1038,2879.3725851034856
1039,4006.4560236758252
1040,1954.6485063611422
1041,2655.6921148932374
1042,3877.3790783086797
1043,2107.561476713833
1044,2911.550880644677
1045,3962.791244460992
1046,2004.6064365531338
1047,745.4220335367463
1048,1365.0944981794128
1049,3029.836196626741
1050,2392.7983727780575
1051,898.7724316048938
1052,3667.575199125962
1053,1988.5613686564018
1054,2008.8370702521888
1055,2774.6286042449096
1056,3058.180990102491
1057,2739.7686469941405
1058,3799.7557569678165
1059,357.50263058529
1060,3852.116148867681
1061,239.89351040618652
1062,3124.7394411253554
1063,3102.1857278478574
1064,3302.6994805991408
1065,3113.0287321139267
1066,2368.3007498594834
1067,2773.6779385154086
1068,2013.781097863763
1069,3975.5772695745236
1070,5744.093143160224
1071,2808.3175050746304
1072,257.52535094458835
1073,3641.9018073702646
1074,582.6581457851208
1075,3163.8031191469963
1076,3826.7582702973527
1077,746.4199105289778
1078,2490.0979950860155
1079,3280.0747918704383
1080,2712.4057215632683
1081,598.6942991854249
1082,2876.340439753476
1083,543.133641258031
1084,1252.8151015316214
1085,4389.3082650583665
1086,532.5747316872519
1087,2940.158665590966
1088,516.3644141692203
1089,621.2461789723474
1090,574.9982772148495
1091,2020.4406321985937
1092,2062.9197050056005
1093,887.0855349561076
1094,636.0999233185329
1095,3243.1828046405917
1096,1595.538425731851
1097,2013.886837509434
1098,2778.9878688861913
1099,2706.1843675848263
1100,1578.9155916804684
1101,2863.9659922101823
1102,3145.132014156817
1103,1921.0890833044837
1104,591.9971683547805
1105,528.3080349749846
1106,1988.8949850583308
1107,605.48810306588
1108,1985.8486361312218
1109,3854.453245671159
1110,3575.252090633502
1111,2442.171507340438
1112,1726.3337731667436
1113,2358.893542218824
1114,3115.3256816211906
1115,179.66832464263413
1116,3130.627607320874
1117,3878.305556181676
1118,4024.3603977302078
1119,219.04038777499142
1120,1492.0007622311807
1121,253.4140487108055
1122,672.5333325302661
1123,274.1048356222635
1124,2725.025531390656
1125,1254.4688374547623
1126,596.5465237951178
1127,1696.801768228101
1128,1877.814630144597
1129,986.6241451673149
1130,355.5041031718402
1131,1690.0146758015726
1132,3105.493388465293
1133,150.57468661836532
1134,1357.0279512142922
1135,2886.328551151563
1136,1353.377315594469
1137,974.8639607820309
1138,740.0664168484667
1139,2020.891566154586
1140,886.0258663296484
1141,552.0915659167628
1142,2415.1229658869524
1143,307.7588239260505
1144,5291.865751059087
1145,1986.5145629343215
1146,1942.3943407316635
1147,1265.268162250562
1148,199.13023707940297
1149,6050.736629154253
1150,3486.135424101722
1151,2645.342483204009
1152,582.1994568695686
1153,3085.4359538411904
1154,3436.976669653433
1155,1394.6901411830283
1156,2784.7608410296443
1157,1897.6757123534392
1158,3642.0273761619405
1159,1400.3937610534924
1160,1388.225054265196
1161,1174.7483369884528
1162,2772.7216312914916
1163,3867.989790973098
1164,5737.254092157217
1165,378.3892172945498
1166,374.6201510463053
1167,1315.9044020677707
1168,235.2258816491391
1169,918.6188986297803
1170,1552.6772031310365
1171,5002.519652291304
1172,3936.7216057820306
1173,2426.3522762762414
1174,1481.217768577022
1175,2911.2953538690113
1176,2664.0232306301177
1177,1538.3292534161692
1178,3100.16521227796
1179,2469.1313072008297
1180,2027.5431868029996
1181,1641.772887299928
1182,4849.4607035622585
1183,3129.027562508634
1184,1192.6939463096833
1185,2455.3312085981674
1186,4719.084528711616
1187,3409.968050627409
1188,5999.098934016005
1189,639.1043554243553
1190,1655.665893858761
1191,6027.916699738907
1192,1843.582307919768
1193,1877.8527254098838
1194,1226.0688986431728
1195,2606.595322676347
1196,1496.461093886541
1197,2160.4521329950076
1198,2475.984733381723
1199,2021.3465380096138
1200,2808.699049089489
1201,1710.4688567374965
1202,3649.4963735870588
1203,3848.010825880293
1204,4058.357658116063
1205,1994.8831818603635
1206,246.0621938994804
1207,3382.2081384653497
1208,1174.7483369884528
1209,1938.590943695534
1210,1245.1956178345936
1211,2003.9570834906692
1212,4221.407096857761
1213,4242.320968283073
1214,364.4646987984946
1215,316.6010767395311
1216,598.4425863011949
1217,248.714324267081
1218,1112.6775979795095
1219,1673.4524156122852
1220,4254.3034246214265
1221,601.3882826531695
1222,3120.319361371652
1223,3077.1395835939607
1224,2784.488728771495
1225,3448.5494480841617
1226,1799.8600297086837
1227,590.282182173203
1228,2041.3461141765943
1229,2553.986973158452
1230,2607.411678167417
1231,1321.7705695378029
1232,3551.7888964610484
1233,741.5045100708419
1234,1998.4449825028903
1235,1677.3099761052686
1236,4842.892409678422
1237,967.5855438993628
1238,3056.108419000349
1239,1997.0005948107168
1240,912.8138183207923
1241,3113.598797685743
1242,1527.7318557914623
1243,1996.1962281939727
1244,739.0999281733424
1245,386.85687218598395
1246,1822.3267066692558
1247,2368.448124329929
1248,1570.3786964110031
1249,2437.457326648889
1250,202.42704648944746
1251,4095.9993262951098
1252,4289.168308731802
1253,1328.023224596379
1254,3079.9046058703266
1255,2948.55481099575
1256,3646.8826474420584
1257,3144.781404957183
1258,2780.8704339028463
1259,2367.062427901016
1260,3235.8117767479625
1261,4056.6825652873968
1262,3756.668349645247
1263,1521.1609029010572
1264,2440.7945527004804
1265,623.1049188768487
1266,3075.2154437836207
1267,3451.5937980527715
1268,2650.806115485353
1269,2025.0862249089223
1270,1530.9524365675154
1271,1321.5887607191953
1272,2502.7596585420642
1273,229.60391962775591
1274,1730.49724442093
1275,2438.8121933529765
1276,1618.538184316215
1277,596.0185456177644
1278,367.50569787062216
1279,3112.2393616774507
1280,1691.1358387693951
1281,1018.587140045851
1282,546.1315467808835
1283,3924.544363484494
1284,4122.2757996337805
1285,1804.3321725852536
1286,935.7871874088434
1287,556.5868400649567
1288,3077.280057084369
1289,1686.4372450437359
1290,1996.167674123328
1291,3105.1664316421497
1292,1519.9373366904301
1293,212.38763704696427
1294,1528.4841553947506
1295,2015.3437304337583
1296,1952.2718674706348
1297,4105.96975294636
1298,1689.9449641594654
1299,2768.422121704264
1300,2647.2384141548764
1301,3111.8866163255734
1302,5031.8937560271015
1303,1942.769443433705
1304,745.9500117140997
1305,268.24639344058784
1306,596.5465237951178
1307,648.7627413247103
1308,1990.6203689049928
1309,224.05989707589677
1310,4288.492029168212
1311,1398.8926314266755
1312,1360.2144923176513
1313,1731.0150574954969
1314,1712.1597378369672
1315,1174.7483369884528
1316,1498.6220487435044
1317,2762.0359499826177
1318,579.5251762560898
1319,3105.0309619726195
1320,3151.9969436721553
1321,2602.646713276522
1322,3823.631969565269
1323,3955.20016700791
1324,592.3621526574772
1325,2500.044197968723
1326,2759.8117694467755
1327,2410.5573755484697
1328,592.9564627866818
1329,1169.5494394165084
1330,1527.7204464326132
1331,3091.022427838278
1332,236.92574483141624
1333,359.49835843714
1334,903.5652070472094
1335,2004.5176663854281
1336,2616.905362556897
1337,2152.6569572766025
1338,5735.141929666658
1339,3972.916388453807
1340,2415.9194026138935
1341,2947.4800744051204
1342,1345.6496539232214
1343,5003.21101362571
1344,5986.783717753776
1345,590.8101603505563
1346,2194.9825700371775
1347,2103.1987623098257
1348,4144.269612814257
1349,897.5987944472405
1350,3729.183457651266
1351,691.1058270181691
1352,1470.0138353820587
1353,175.10803419708125
1354,1031.3686779854525
1355,211.78375719305853
1356,1404.8119705877302
1357,3092.1709856253115
1358,2018.2553407760397
1359,2028.2647860273298
1360,3883.2167613772863
1361,2772.7492992048046
1362,247.6379966952465
1363,739.8477719794984
1364,2455.002289946841
1365,540.9310582761673
1366,1400.2992447729166
1367,3078.228340945644
1368,608.509855283784
1369,1254.162520926574
1370,2510.4192743211215
1371,2763.0531218418455
1372,746.0915339122897
1373,742.5238117408628
1374,2359.6859083518916
1375,1620.954579405554
1376,2102.5499728033683
1377,3454.581421022646
1378,3293.33320035782
1379,521.4148089616262
1380,3165.9784950135295
1381,3209.0387213285558
1382,2453.255339057985
1383,371.3121554711261
1384,2874.2290814243793
1385,2783.9146764987017
1386,263.2551403341022
1387,383.77522904931055
1388,109.77665388618693
1389,614.1455660155212
1390,150.4943149122006
1391,361.49969630199155
1392,2632.6667961293106
1393,3754.37590357362
1394,1922.2827059039303
1395,114.33058265368852
1396,592.1842560101353
1397,3136.490607390488
1398,1354.126846117126
1399,1525.0220724953872
1400,1353.487432010815
1401,897.1493304040658
1402,1384.7276845873628
1403,1375.4320119006495
1404,4309.059513934512
1405,2044.0034150059048
1406,3581.1140478128277
1407,4016.3278584001832
1408,5134.436673024332
1409,1936.768092969169
1410,1438.7189898778388
1411,2777.352658051088
1412,1941.361777558189
1413,1289.5403447399885
1414,1885.968398791815
1415,3314.4530162506953
1416,240.75650286576524
1417,1725.0390086614113
1418,3136.0661193578994
1419,2400.1266781531426
1420,2771.866731318199
1421,3860.2660317639625
1422,1518.8651574286534
1423,2024.2189823059068
1424,1319.227339230751
1425,1583.3763086895888
1426,1010.2247237222128
1427,570.7439268251514
1428,1694.9796296886504
1429,593.6547693210082
1430,2382.041046174968
1431,2272.6774664854624
1432,329.2430266137699
1433,2960.071910160891
1434,2885.5310647950896
1435,5580.528735350974
1436,2405.155149707341
1437,1937.7035942317345
1438,704.9900247049447
1439,2530.094239393169
1440,2391.8657763132132
1441,2597.968363258747
1442,871.7899541020261
1443,891.0114492732034
1444,761.6785113448823
1445,1769.6123847940316
1446,3580.2917505325204
1447,3137.8682313294034
1448,962.905844156323
1449,2434.6761322760362
1450,2428.090796534929
1451,3898.356825529154
1452,1375.833443124199
1453,899.4045502601908
1454,1528.4654852429992
1455,3098.5242662962883
1456,736.1869861741283
1457,5586.15199364623
1458,739.4734243754866
1459,4133.80458934801
1460,2464.6174589835286
1461,1720.1464825726266
1462,2720.851501554013
1463,3116.201790168002
1464,2462.2572657865153
1465,2606.510460825932
1466,233.22914207574684
1467,1994.2444461473206
1468,3394.4344384264027
1469,2692.372718701787
1470,257.16045204622725
1471,2009.6602170382723
1472,2094.467464077613
1473,2655.055785498883
1474,1529.301215092304
1475,2014.167016708268
1476,1372.2084574715832
1477,109.77665388618693
1478,717.1991006273196
1479,2464.872790048063
1480,3219.457489172427
1481,1924.7322182001938
1482,1792.0352031145624
1483,3164.2095931952363
1484,3795.9280982691193
1485,1928.4621747967171
1486,1325.7499618515246
1487,2660.7607208762447
1488,1371.6086789272983
1489,727.0739547659938
1490,755.4066791205273
1491,2894.7604126837964
1492,747.5832551350885
1493,1289.119296091457
1494,3837.95186505743
1495,1343.1372128918902
1496,3756.246041544905
1497,1230.7234030577129
1498,340.8931751047132
1499,152.39152297662622
1500,2425.9399239809864
1501,222.4215678399437
1502,2008.5003855167488
1503,1233.0984069014703
1504,251.31488681537786
1505,1366.2528053519468
1506,3139.5785716326504
1507,2761.4073519792933
1508,589.517899019792
1509,3279.117001468645
1510,2976.902396443693
1511,2606.522618130646
1512,2010.3379862787442
1513,3236.32984914855
1514,3867.364805662925
1515,1005.0332474798959
1516,2780.5478292309617
1517,1904.5058073032312
1518,4070.7713421535636
1519,1394.7498262460826
1520,1517.11615131837
1521,3056.062400354596
1522,4140.90893709092
1523,2703.3787039737485
1524,2024.3432561031047
1525,3561.943474733435
1526,2910.3149986477097
1527,1774.355069674911
1528,1873.1426706518434
1529,3692.6586585101504
1530,368.8586788576231
1531,1855.189951621849
1532,4237.155334254643
1533,3115.011106880163
1534,1174.7483369884528
1535,3808.04140839054
1536,5719.468091211425
1537,623.9668230444829
1538,2902.513689277217
1539,6028.156922967548
1540,612.1525384632993
1541,3835.61689096172
1542,1242.9804449729065
1543,3986.1910151148045
1544,3931.333243038847
1545,3467.982063219958
1546,2780.178602664519
1547,1531.4075516604923
1548,973.0625281465447
1549,646.2716552673592
1550,1519.9362773227717
1551,4278.022041714634
1552,2598.348721770724
1553,1476.0289026468588
1554,213.78966865261992
1555,4089.6651074974397
1556,4361.872295351179
1557,3139.6869805604956
1558,109.77665388618693
1559,2739.20651631748
1560,3047.3320323925914
1561,589.3368226952923
1562,5142.151876794494
1563,1122.8149591935246
1564,648.8563885162188
1565,590.282182173203
1566,562.0446615285103
1567,561.6896837750602
1568,749.2049905010807
1569,359.1979305338714
1570,594.1434707909058
1571,978.3398278351889
1572,2005.9465936573238
1573,2400.1684251566185
1574,3180.5057219478986
1575,4195.439420062899
1576,3108.506797711881
1577,1941.2466611809957
1578,3734.4132186532543
1579,1531.4075516604923
1580,376.7148734948106
1581,220.03688672500277
1582,3101.183835858152
1583,1719.7718782012337
1584,3884.2370998618126
1585,118.49203981214441
1586,4461.846877055364
1587,1674.8671421996976
1588,1689.8547990710324
1589,1994.569565731253
1590,2100.981367643322
1591,3710.781495549589
1592,4821.658180480068
1593,1715.9494579408322
1594,234.4083862651077
1595,5117.7203095364275
1596,3150.1072536428837
1597,5020.425208314204
1598,547.9464502491502
1599,397.0756240415652
1600,936.4083014146771
1601,1024.1901639564198
1602,242.26889664724527
1603,363.2878726066261
1604,1704.7080709792692
1605,637.4923150813951
1606,4243.82338667286
1607,2714.197267000154
1608,2448.155235945618
1609,6201.62949953016
1610,242.8795720711391
1611,3041.8294253758368
1612,109.77665388618693
1613,2797.4878876338985
1614,1364.720928644312
1615,1030.5827550561103
1616,2383.997135959224
1617,2574.5475296214763
1618,621.639047802538
1619,2455.147225048081
1620,4666.064904592391
1621,2595.2972073778506
1622,345.6779090835637
1623,1117.6564811987612
1624,2478.5338208044514
1625,2007.9678313806123
1626,312.6675345127726
1627,2015.6918304589155
1628,3523.07191883208
1629,1232.2797787611598
1630,1573.5228658226968
1631,634.9337822108732
1632,110.23263151328582
1633,623.4292342773705
1634,2779.7725323785157
1635,4012.326781217231
1636,610.8373549932079
1637,596.0185456177644
1638,1699.0381429532683
1639,305.5822315187506
1640,1365.8224908718844
1641,152.68030400871893
1642,1760.0183040399834
1643,3047.738510999062
1644,1174.7483369884528
1645,1632.3923110736548
1646,590.282182173203
1647,1522.3407954501379
1648,1373.0138815697221
1649,591.9604154858828
1650,3555.132305581336
1651,3920.070383025904
1652,742.9936515176846
1653,978.850684530316
1654,2441.651808811861
1655,1585.0618016906365
1656,348.05734273317074
1657,1392.3388562125165
1658,1186.6136575434102
1659,2361.7220393257594
1660,742.9936515176846
1661,1694.8545116899988
1662,4230.456291075121
1663,3057.17354252418
1664,3105.760286538397
1665,734.4798512071296
1666,4256.423974108449
1667,2032.2437544273203
1668,4020.1897489614703
1669,2507.7754779342845
1670,1266.9444248009052
1671,609.1686428415076
1672,2001.9996283761118
1673,2762.917316206126
1674,371.56223798023603
1675,4065.8119054433055
1676,1774.3717932691095
1677,3894.000954849521
1678,1688.74355597224
1679,1989.4611195827977
1680,1328.3264349697515
1681,737.2944457571228
1682,677.4367904647982
1683,2014.1210426413602
1684,3420.1378368792493
1685,3740.937750222821
1686,2891.1011294768505
1687,1532.8698899555322
1688,4060.830819066454
1689,292.01301216430346
1690,5294.455231580064
1691,589.5152032014937
1692,1698.603803626909
1693,2033.7542821392176
1694,4039.5655766559166
1695,2366.3680526977546
1696,1749.3347977234773
1697,3128.7664588797006
1698,1250.127800205652
1699,899.4045502601908
1700,1717.2249157966785
1701,4011.6718276993947
1702,740.5636684889243
1703,372.3349805114749
1704,2119.7366940162615
1705,3489.3576583606523
1706,590.0284591481419
1707,369.3525981456156
1708,3732.6168496769938
1709,1250.9161454684406
1710,625.8318534214297
1711,2689.5703486086823
1712,2488.17939286664
1713,387.0679526050892
1714,2522.5534457340145
1715,2523.121402659333
1716,1997.9233311380838
1717,2884.2339780196953
1718,2750.3903614649585
1719,1323.7005999718576
1720,734.4745258014946
1721,583.4364895487751
1722,1876.7362407274384
1723,3124.876109537526
1724,3099.5274223302554
1725,2215.952868070961
1726,2754.7475319889736
1727,3155.0226704418214
1728,1527.5501564046901
1729,2908.5842393065363
1730,109.77665388618693
1731,1527.794283787987
1732,3848.1655897508094
1733,579.5251762560898
1734,109.77665388618693
1735,5133.648239376077
1736,1498.3406486393587
1737,5812.049512780205
1738,2551.544726546949
1739,1524.6899900652106
1740,4246.135561305155
1741,2404.6730647678214
1742,586.6971208111828
1743,2867.5698092044345
1744,608.7011320265941
1745,2795.047739415612
1746,1761.9273268385807
1747,1684.25667297877
1748,507.35746550145365
1749,2470.8658550713626
1750,560.9431462492458
1751,1498.1151866835667
1752,5769.909642261734
1753,368.9347317028921
1754,720.0226021209312
1755,2551.3726019826927
1756,2783.029730382836
1757,2777.5239315764516
1758,2468.523595892899
1759,577.9806395520212
1760,378.6423849840686
1761,1312.6065417780828
1762,975.0338370498533
1763,109.77665388618693
1764,976.175257417274
1765,2220.7542501693742
1766,1913.278263844764
1767,1660.5641272170028
1768,1704.0699866297336
1769,883.0199644919667
1770,1940.5858841097336
1771,3078.794514420722
1772,2410.4271334767504
1773,2517.7559842340106
1774,1369.9339298200919
1775,3078.6149117509726
1776,4057.231802222676
1777,112.38913017886004
1778,2035.9577140010513
1779,1394.9153038679774
1780,5979.172718610804
1781,3110.4694512336177
1782,2833.155576550777
1783,2723.563702659454
1784,2003.2389128591967
1785,3201.393899601823
1786,741.5045100708419
1787,2628.893692691861
1788,4154.034082081384
1789,640.2026854158655
1790,2905.5534484129903
1791,1935.1627351001148
1792,1342.1569585124846
1793,585.8945537777588
1794,2426.297607713905
1795,661.8780659964133
1796,3279.0032839529395
1797,637.3450127630945
1798,736.9143521318829
1799,3832.4541718096625
1800,740.9625658223293
1801,2795.8768341982004
1802,2485.2430855121497
1803,6211.159177266775
1804,516.1722702153824
1805,3925.5717961283663
1806,2769.010304153269
1807,160.79065433247175
1808,1785.1378254841147
1809,557.0264731603316
1810,2025.8514671804612
1811,2458.579155251446
1812,597.2493448906044
1813,142.12219889262337
1814,2007.333242990376
1815,232.28664455756177
1816,5031.8937560271015
1817,4230.273953594965
1818,567.8904943744775
1819,1530.7952123137384
1820,1257.887150859371
1821,1943.2186355622555
1822,1342.9261078960951
1823,1028.4502639018528
1824,2101.292640613744
1825,1892.6228842828305
1826,4786.577872976021
1827,638.9656527366591
1828,374.10455021223805
1829,6103.228967615911
1830,2445.9710914769685
1831,3117.746309820754
1832,582.1994568695686
1833,3294.758590389506
1834,1370.7878026722974
1835,147.22332440966585
1836,1672.565082323364
1837,2416.554741397591
1838,3070.6171084992516
1839,3858.9900896022905
1840,985.52380299079
1841,2613.702778590285
1842,831.9745009289595
1843,3983.1021413969675
1844,1364.720928644312
1845,2015.0175300502851
1846,1244.915611761525
1847,2758.7377535224914
1848,1990.3289692197059
1849,3164.654153184965
1850,2017.9442741617847
1851,2104.9937558990387
1852,1519.5899633866513
1853,6026.475482541143
1854,2653.061771682492
1855,2601.381523037477
1856,5040.19353354225
1857,1690.7974189965491
1858,651.2708917753545
1859,359.3885072515067
1860,1998.961092648511
1861,110.23263151328582
1862,2007.1508326477874
1863,1950.0915997987784
1864,2808.693781938644
1865,2785.2986310342435
1866,339.0062010319641
1867,834.7297758589848
1868,1697.1271533727584
1869,2862.6347024957213
1870,2582.534491239333
1871,1186.6136575434102
1872,1396.5863614884609
1873,246.85221831933316
1874,2450.2584176389273
1875,6232.697721194791
1876,2582.534491239333
1877,634.3014485633051
1878,2458.3649391571284
1879,2027.3835784563075
1880,2464.394388934275
1881,385.3373772261895
1882,2818.380922789727
1883,1687.237088436096
1884,1030.2416741119932
1885,302.64839864348255
1886,1681.2044396526076
1887,507.78800148510277
1888,2822.420373912529
1889,253.1640431345541
1890,1409.5513313306885
1891,5034.588855976418
1892,3717.225207815346
1893,1685.4516213721022
1894,1322.5343809071626
1895,3613.7068054761403
1896,2592.7520146909396
1897,1138.320631036182
1898,693.9771810267487
1899,820.9402487213138
1900,4019.9297638215003
1901,2647.960703652444
1902,2747.5557888307203
1903,1557.794366347806
1904,3319.9042380911083
1905,3560.955960285276
1906,543.8145520416791
1907,3999.018302309836
1908,705.7462821202233
1909,3717.0024873921625
1910,2436.9691587533835
1911,2002.996922767845
1912,1938.7525183208184
1913,3071.4898634854803
1914,1189.891871808655
1915,1360.5044496842459
1916,1240.3159736327148
1917,1330.7718285749395
1918,1718.6417052545808
1919,1998.699460219734
1920,3651.3284426194946
1921,382.54270867617157
1922,1593.7759444011301
1923,361.7134679846698
1924,592.9564627866818
1925,2756.8852549642615
1926,2501.9516677145043
1927,3851.5222460356617
1928,1886.9822696266444
1929,2779.080328385857
1930,6140.0644755619605
1931,1302.9866252088157
1932,253.09645057103955
1933,896.7140799335971
1934,1705.7682278967181
1935,737.2944457571228
1936,3865.3928076955217
1937,3063.9674062716413
1938,2024.8778433164111
1939,1656.7140469249787
1940,6024.218351652118
1941,203.77700646785365
1942,3970.5760810182787
1943,1174.7483369884528
1944,743.7027060195376
1945,493.913180696979
1946,3089.989216943777
1947,3655.395322578028
1948,2009.7116100792455
1949,396.8591556495989
1950,1519.708894151104
1951,4078.0899675575292
1952,3705.7413343463913
1953,231.5369435956683
1954,831.9745009289595
1955,2641.195359086189
1956,4225.913098615444
1957,1985.5795167202014
1958,2391.777872891324
1959,1699.0483567178862
1960,1044.8178998912642
1961,3573.1376143116045
1962,3117.6189542191805
1963,1484.528117607966
1964,1267.0729186325066
1965,2770.8068934249245
1966,1438.1241232527464
1967,3425.1078690872228
1968,3054.66472930484
1969,109.77665388618693
1970,2432.092489555298
1971,1247.283206878239
1972,1178.702464995781
1973,2426.225996777507
1974,3101.777728275818
1975,1312.562702241408
1976,3851.063398982073
1977,634.9267787566712
1978,3072.9151539767536
1979,3149.3503291750876
1980,202.45148333691782
1981,4335.880218105487
1982,2006.3949656975249
1983,2117.322277052472
1984,1802.6764679524645
1985,2381.063109702593
1986,1793.0581316943196
1987,1174.7483369884528
1988,1699.8341077541593
1989,3506.929132942801
1990,591.5526787510773
1991,1380.8422675283796
1992,3124.9059744085394
1993,3727.899002325244
1994,2846.9327083178073
1995,3561.955257183977
1996,269.33510542567865
1997,735.9531888623935
1998,254.40045122890012
1999,4231.58843765325
2000,2421.634566872684
2001,3805.8450442320704
2002,3828.2542759828148
2003,3105.500713208933
2004,3767.5947787705686
2005,3056.2200844431686
2006,1530.7581281481052
2007,572.5041474074308
2008,3532.3994566815777
2009,4173.158821100724
2010,4067.275512668314
2011,1217.6466740411752
2012,3120.1240163173698
2013,754.0374316887652
2014,1691.1576428284927
2015,636.1207902150973
2016,253.6307687064098
2017,1240.7368519487193
2018,2695.3235544479267
2019,2778.4095878594717
2020,2438.8577428735125
2021,3088.561800114025
2022,3062.831366677544
2023,4848.528245818933
2024,1248.638456795049
2025,114.45578082704955
2026,2485.9556628423056
2027,2459.5357110485684
2028,3917.012202380811
2029,3787.4926595161487
2030,519.7310417736734
2031,267.1986446430758
2032,828.2452886963355
2033,1367.3196433942144
2034,1339.562475854413
2035,2447.7993177772787
2036,6084.541036878661
2037,2960.3479980956295
2038,590.0793410958132
2039,3904.1963524962753
2040,4204.226267499873
2041,737.0758008881545
2042,3646.0825946447294
2043,309.1245166092344
2044,3316.428801670359
2045,2414.177386823002
2046,3060.556329861071
2047,3174.008024761029
2048,590.076645277515
2049,619.6717890205199
2050,4115.759832206512
2051,1824.1992979080499
2052,2407.989851227555
2053,1174.7483369884528
2054,253.81557728189992
2055,2507.370946253856
2056,3086.402656738612
2057,1882.386919713546
2058,584.0544632572172
2059,3906.0178651946117
2060,341.58422687668156
2061,3409.7424593778433
2062,1944.91049424167
2063,241.83168965679795
2064,3423.810374682161
2065,3501.3073045009137
2066,2525.319680961428
2067,3077.0393044773314
2068,2663.107964207593
2069,3071.5810202373514
2070,1525.4690000408348
2071,1927.0440306424468
2072,2640.486745184103
2073,1660.2061088241205
2074,3913.839200321907
2075,2462.207059321889
2076,2415.591936895725
2077,2000.1575144240953
2078,3784.6581703121033
2079,2732.3872244221516
2080,1516.5915518164804
2081,1502.1661140703193
2082,2482.4254042850425
2083,2775.5123379805345
2084,2601.381523037477
2085,2754.013821934724
2086,3929.6810998738238
2087,4173.890501632214
2088,2402.033973015211
2089,5085.419494623733
2090,139.48714138745152
2091,1639.0911387831072
2092,1401.5905155171451
2093,1624.4237868565021
2094,251.54560086780768
2095,1990.2621312537715
2096,969.7810002243921
2097,1253.8482262634282
2098,5724.516103388023
2099,3903.322714608393
2100,2889.7346282480175
2101,3057.0794853318284
2102,2009.4488977079088
2103,579.5251762560898
2104,2007.861144572453
2105,1320.733040998115
2106,595.8157045403747
2107,360.34846429309414
2108,1349.2091577525255
2109,3271.3984189217927
2110,112.38913017886004
2111,969.5526895214131
2112,1664.5369444451776
2113,3841.638406341664
2114,1186.237570617717
2115,597.9146081238414
2116,109.77665388618693
2117,3893.0751251711213
2118,636.3605211912169
2119,1448.0696777836151
2120,1589.0180791419662
2121,730.1117195438721
2122,1643.5693235732467
2123,2886.030219273519
2124,576.007248626823
2125,5755.075622418244
2126,3245.7119145072616
2127,3833.612633478797
2128,4096.40288768794
2129,2013.2319449319123
2130,1621.5219459659168
2131,5773.037562542132
2132,2010.4704904864268
2133,1649.3119979193687
2134,833.1066746581569
2135,590.282182173203
2136,3063.7904674373867
2137,2434.554783354558
2138,2445.9527071253024
2139,1792.1232513517361
2140,741.1251105649457
2141,872.4220727573231
2142,2634.1148349914724
2143,1992.4176586972076
2144,4236.399786034651
2145,1928.4621747967171
2146,3765.7581739320303
2147,2782.881941579914
2148,3138.2405131192677
2149,1673.4198635380124
2150,1021.1198011387098
2151,1531.7076810162057
2152,224.77357040049245
2153,3075.47723367685
2154,3886.1262327383724
2155,899.4045502601908
2156,1519.8356275910762
2157,1923.631213542074
2158,2003.6379860047025
2159,2453.8060721689535
2160,1684.3357007006312
2161,3073.6334769187583
2162,640.6806389182365
2163,5118.466159030198
2164,1593.7759444011301
2165,5747.915819519595
2166,740.9625658223293
2167,2014.6747715703764
2168,883.399517805665
2169,2577.3482129255212
2170,3130.3344828531176
2171,1779.6903012823668
2172,2538.887965433442
2173,1630.2535206116036
2174,3300.4901170523926
2175,4806.629171781875
2176,1533.461015838462
2177,3786.6416199706314
2178,2960.4879493140334
2179,1541.0974046799374
2180,3337.235179279057
2181,1918.7435085609764
2182,2397.4949767387066
2183,1682.7831277246864
2184,3854.4384084366166
2185,1999.9266089059804
2186,3485.113537191734
2187,1256.0010312073982
2188,1992.3941789935188
2189,1341.4072717695205
2190,2652.743226508685
2191,640.152660740883
2192,1764.8637596278666
2193,2016.7154091745842
2194,365.31792353958883
2195,2483.835819826275
2196,3134.202041359324
2197,910.9022102262029
2198,6137.4849175526015
2199,3500.9537480248255
2200,3449.0357852641746
2201,5994.747784335983
2202,1690.1503046161174
2203,2527.3267306272305
2204,540.6232827837055
2205,1987.386628006477
2206,392.0748113926198
2207,2480.2104081285756
2208,3874.3894625086905
2209,1682.5409270745713
2210,3560.625287944241
2211,1951.678348151148
2212,2747.467100681766
2213,1705.3982466091811
2214,3816.898785531297
2215,575.0938586964555
2216,2028.2780761994234
2217,3043.264115753999
2218,2444.728224461312
2219,2023.375537870273
2220,2013.108171733559
2221,2351.0045336211247
2222,4055.1128553869976
2223,1328.8831618529987
2224,3990.4602166888412
2225,2345.3383640477728
2226,594.5452079625003
2227,597.2055536219883
2228,2485.471548119248
2229,2917.095624946443
2230,644.3982589434893
2231,2513.3890019834575
2232,2442.2963511421995
2233,1522.4053812092404
2234,628.2086468195458
2235,520.8823610001067
2236,577.1463955457758
2237,358.8683509034176
2238,4071.611749378101
2239,109.77665388618693
2240,590.8101603505563
2241,185.20715325328538
2242,1349.349248237287
2243,2908.821420195285
2244,4305.222997716733
2245,4095.2878556102614
2246,2816.9635909896983
2247,1716.5669708632615
2248,593.6655172885349
2249,3459.373698028234
2250,578.2569935785256
2251,6114.668568907976
2252,2713.852319422482
2253,2423.4690834340568
2254,2198.906490213118
2255,1527.6771285998532
2256,2766.9064782133605
2257,2767.085891045545
2258,1714.5472484449458
2259,1271.9111507557266
2260,968.8654795109511
2261,556.9235334922691
2262,2000.7220446044669
2263,2624.780440342364
2264,2905.250672378227
2265,2435.4019118718834
2266,807.5013045320652
2267,2547.107860717792
2268,1494.5288461404834
2269,151.48502886033248
2270,2882.208319643975
2271,1593.7759444011301
2272,1771.6832913361209
2273,535.6959948091818
2274,4130.480920766666
2275,1530.0156168222798
2276,1714.408783503144
2277,622.348765452297
2278,4010.207571851657
2279,1765.9627759157236
2280,3505.8834725089064
2281,3930.296095331534
2282,1617.265573499389
2283,1390.5727064263924
2284,226.2957183020397
2285,2623.795316782231
2286,2418.1042085446607
2287,596.0185456177644
2288,258.70285927143163
2289,1705.2776936213595
2290,628.826854781283
2291,363.3073345114116
2292,372.84237385770524
2293,740.9625658223293
2294,2450.5351041638446
2295,2967.354283555311
2296,149.21229795092748
2297,1710.4745610034101
2298,1683.7358887937905
2299,2439.835282834763
2300,1707.318772649515
2301,5755.72149940468
2302,1424.3495125054678
2303,4049.9796211930147
2304,2542.463686619527
2305,3422.188654201958
2306,2028.284871330015
2307,972.7867931423777
2308,3673.1290994597175
2309,2777.6958368343867
2310,2839.7405767553337
2311,2435.4919832882174
2312,3953.6361878811413
2313,2012.4231635170609
2314,2865.052180071021
2315,3094.930136512361
2316,1517.6730192401274
2317,1515.2250465634804
2318,373.7507465729359
2319,3875.2279334788063
2320,2736.115173758016
2321,2446.229170090352
2322,3802.5174675268354
2323,1856.038945488033
2324,1695.85708848826
2325,633.5832340125851
2326,3077.5024595514146
2327,1881.088253383882
2328,3074.870857546079
2329,6082.738559635555
2330,1360.5158030329387
2331,3782.1500919689706
2332,984.8018400103339
2333,1211.6888418239446
2334,1354.6192688795222
2335,743.1502253689579
2336,366.62553561487186
2337,537.5275901899315
2338,2003.6822072624693
2339,3091.062664103724
2340,2394.4258568761384
2341,1360.908682796714
2342,4170.146632481018
2343,700.2671480550604
2344,2787.087734552777
2345,610.2952954467156
2346,2118.7130856661242
2347,3833.207378107544
2348,984.2639958516434
2349,3342.541356880351
2350,3816.8568206332866
2351,4307.572885958319
2352,579.5251762560898
2353,555.2780629647664
2354,2768.6019583140182
2355,2417.10920150564
2356,5944.024497422783
2357,1673.6046901847221
2358,266.59231041336153
2359,590.282182173203
2360,2923.6346278053816
2361,2482.77569668541
2362,3756.1494333284013
2363,3099.2038594057667
2364,2673.376193223207
2365,241.3406128767711
2366,740.9625658223293
2367,553.6049388793678
2368,1893.306947717538
2369,2767.530088642878
2370,1988.9616978962983
2371,527.6605457135387
2372,1593.7759444011301
2373,2439.59779291026
2374,1345.6999585841388
2375,608.745380912403
2376,3832.620029248121
2377,2647.912243041308
2378,1918.4420826265543
2379,3308.9761129424946
2380,3873.926495695346
2381,4087.7025785375076
2382,2366.6295413335824
2383,4331.111525081163
2384,586.6971208111828
2385,1499.4812751839122
2386,983.877943087656
2387,897.1493304040658
2388,2598.2617726804137
2389,1719.1091639460885
2390,360.7183852306429
2391,1671.2079469891385
2392,1686.2081389189805
2393,593.8354903127412
2394,1691.7150937714116
2395,2456.6041046866662
2396,1986.8887173839012
2397,983.8835403511407
2398,1714.3480502577177
2399,300.58051707209677
2400,289.3782536925992
2401,1375.5857093154711
2402,2023.348923600354
2403,2901.0451028528096
2404,199.9365825364827
2405,257.2133344842583
2406,882.7233010458006
2407,2130.259659495805
2408,2962.1108468533375
2409,4199.5121005462215
2410,4093.910066171725
2411,2812.431139839952
2412,3482.0422995951253
2413,1321.549057238617
2414,1766.9380557904558
2415,2450.4486123549927
2416,1503.3860792272785
2417,1252.8307535970566
2418,735.9937424364207
2419,3073.342593081608
2420,2014.9254092581043
2421,3076.1039627126133
2422,1174.7483369884528
2423,3101.035360513741
2424,3303.1263180417827
2425,2496.3777744060553
2426,2689.124598703668
2427,770.6941020014216
2428,3114.515027703377
2429,3003.6046333216586
2430,3083.258690219634
2431,897.1493304040658
2432,138.66830150762166
2433,2428.6662373062168
2434,2492.8908216670875
2435,5715.867345215285
2436,684.7560395699959
2437,1574.4054686491731
2438,2119.428982986419
2439,1859.132957159035
2440,2657.9060750362373
2441,1529.3951594274242
2442,109.77665388618693
2443,2526.210521524086
2444,3207.014076296505
2445,639.6735922073469
2446,630.3001924365471
2447,3969.264657275194
2448,1882.7356071076179
2449,518.9513287475867
2450,1707.7462060507644
2451,3925.2983233131827
2452,2407.587984903803
2453,3444.549871410067
2454,372.1246276782624
2455,2475.0049675900223
2456,2010.220202615917
2457,1403.84172242379
2458,557.0686104902172
2459,1688.4641094641725
2460,2685.812145326836
2461,3095.1165211571456
2462,1360.8064628917105
2463,1174.7483369884528
2464,1990.574449599325
2465,2907.7282746319784
2466,950.9802900611314
2467,2956.009707809571
2468,1262.952616820241
2469,476.9390554555062
2470,2428.7845580176513
2471,2596.7002595691474
2472,5053.845874592026
2473,321.6463630149324
2474,1690.9052840823106
2475,1475.610557748888
2476,1540.5913836397606
2477,3131.7875195481165
2478,1986.823496523505
2479,1541.3685644622542
2480,383.5143330035181
2481,898.0584938430321
2482,1891.2314181512093
2483,1939.075689384962
2484,2021.230405455562
2485,4995.968371439948
2486,111.87723855607427
2487,4299.913213564721
2488,5039.8308802303145
2489,1372.1876248547028
2490,369.83865989902677
2491,3550.9609513388305
2492,1669.7860254049278
2493,3131.281749729703
2494,1778.613001327117
2495,2559.7649982134426
2496,3126.8963200123785
2497,2457.1631261319035
2498,1903.3035402143814
2499,1557.6731530324516
2500,2027.5779678493884
2501,1621.295919099724
2502,3476.454857897672
2503,2009.6853183177282
2504,2928.9258963331886
2505,3302.596257988853
2506,3852.4180725011406
2507,1677.9536663422039
2508,3294.609724747854
2509,572.070517846725
2510,3830.721005528656
2511,3916.0658591028414
2512,2754.887919547112
2513,1562.4808116092402
2514,897.1493304040658
2515,2488.1827792121076
2516,878.6983867499189
2517,2746.383799329822
2518,3425.479500070332
2519,1717.7587064056372
2520,1351.5077460903385
2521,1629.2314454332907
2522,1227.1849520922099
